<?xml version="1.0" encoding="UTF-8"?>
<project-private xmlns="http://www.netbeans.org/ns/project-private/1">
    <editor-bookmarks xmlns="http://www.netbeans.org/ns/editor-bookmarks/2" lastBookmarkId="0"/>
    <open-files xmlns="http://www.netbeans.org/ns/projectui-open-files/2">
        <group>
            <file>file:/C:/xampp/htdocs/ChessSociety/login.php</file>
            <file>file:/C:/xampp/htdocs/ChessSociety/index.php</file>
            <file>file:/C:/xampp/htdocs/ChessSociety/forum.php</file>
            <file>file:/C:/xampp/htdocs/ChessSociety/repository.php</file>
            <file>file:/C:/xampp/htdocs/ChessSociety/assets/css/forum.css</file>
            <file>file:/C:/xampp/htdocs/ChessSociety/assets/css/main.css</file>
            <file>file:/C:/xampp/htdocs/ChessSociety/staff/staff-event.php</file>
            <file>file:/C:/xampp/htdocs/ChessSociety/assets/css/repository.css</file>
            <file>file:/C:/xampp/htdocs/ChessSociety/event.php</file>
            <file>file:/C:/xampp/htdocs/ChessSociety/staff/staff-index.php</file>
        </group>
    </open-files>
</project-private>
