<?xml version="1.0" encoding="UTF-8"?>
<project-private xmlns="http://www.netbeans.org/ns/project-private/1">
    <editor-bookmarks xmlns="http://www.netbeans.org/ns/editor-bookmarks/2" lastBookmarkId="0"/>
    <open-files xmlns="http://www.netbeans.org/ns/projectui-open-files/2">
        <group>
            <file>file:/C:/xampp/htdocs/ChessSociety/staff/report.php</file>
            <file>file:/C:/xampp/htdocs/ChessSociety/staff/userReport.php</file>
            <file>file:/C:/xampp/htdocs/ChessSociety/staff/staff-users.php</file>
            <file>file:/C:/xampp/htdocs/ChessSociety/assets/css/user-list.css</file>
        </group>
    </open-files>
</project-private>
